original,collapse,collapse_union,collapse_union_1,collapse_union_2,collapse_union_3
army camp,armycamp,armycamp,armycamp,armycamp,armycamp
army camps,armycamp,armycamp,armycamp,armycamp,armycamp
army exchange,armyexchange,armyexchange,armyexchange,armyexchange,armyexchange
black boi,blackboi,blackmale,blackperson,blackperson,blackperson
black boy,blackboi,blackmale,blackperson,blackperson,blackperson
black boys,blackboi,blackmale,blackperson,blackperson,blackperson
black girl,blackgirl,blackfemale,blackperson,blackperson,blackperson
black girls,blackgirl,blackfemale,blackperson,blackperson,blackperson
black man,blackman,blackmale,blackperson,blackperson,blackperson
black men,blackman,blackmale,blackperson,blackperson,blackperson
black soldier,blacksoldier,blackmale,blackperson,blacksoldier,blacksoldier
black soldiers,blacksoldier,blackmale,blackperson,blacksoldier,blacksoldier
black woman,blackwoman,blackfemale,blackperson,blackperson,blackperson
black women,blackwoman,blackfemale,blackperson,blackperson,blackperson
bunk bed,bunkbed,bunkbed,bunkbed,bunkbed,bunkbed
bunk beds,bunkbed,bunkbed,bunkbed,bunkbed,bunkbed
color boi,colorboi,blackmale,blackperson,blackperson,colorperson
color boy,colorboi,blackmale,blackperson,blackperson,colorperson
color boys,colorboi,blackmale,blackperson,blackperson,colorperson
color girl,colorgirl,blackfemale,blackperson,blackperson,colorperson
color girls,colorgirl,blackfemale,blackperson,blackperson,colorperson
color men,colorman,blackmale,blackperson,blackperson,colorperson
color man,colorman,blackmale,blackperson,blackperson,colorperson
color soldier,colorsoldier,blackmale,blackperson,blacksoldier,colorperson
color soldiers,colorsoldier,blackmale,blackperson,blacksoldier,colorperson
color woman,colorwoman,blackfemale,blackperson,blackperson,colorperson
color women,colorwoman,blackfemale,blackperson,blackperson,colorperson
colored boi,colorboi,blackmale,blackperson,blackperson,colorperson
colored boy,colorboi,blackmale,blackperson,blackperson,colorperson
colored boys,colorboi,blackmale,blackperson,blackperson,colorperson
colored boys,colorboi,blackmale,blackperson,blackperson,colorperson
colored girl,colorgirl,blackfemale,blackperson,blackperson,colorperson
colored girls,colorgirl,blackfemale,blackperson,blackperson,colorperson
colored man,colorman,blackmale,blackperson,blackperson,colorperson
colored men,colorman,blackmale,blackperson,blackperson,colorperson
colored soldier,coloredsoldier,blackmale,blackperson,blacksoldier,colorperson
colored soldiers,coloredsoldiers,blackmale,blackperson,blacksoldier,colorperson
colored woman,colorwoman,blackfemale,blackperson,blackperson,colorperson
colored women,colorwoman,blackfemale,blackperson,blackperson,colorperson
girl friend,girlfriend,girlfriend,girlfriend,girlfriend,girlfriend
girl friends,girlfriend,girlfriend,girlfriend,girlfriend,girlfriend
mess hall,messhall,messhall,messhall,messhall,messhall
mess halls,messhall,messhall,messhall,messhall,messhall
negro boi,negroboi,blackmale,blackperson,blackperson,negroperson
negro boys,negroboi,blackmale,blackperson,blackperson,negroperson
negro girl,negrogirl,blackfemale,blackperson,blackperson,negroperson
negro girls,negrogirl,blackfemale,blackperson,blackperson,negroperson
negro man,negroman,blackfemale,blackperson,blackperson,negroperson
negro men,negroman,blackfemale,blackperson,blackperson,negroperson
negro soldier,negrosoldier,blackmale,blackperson,blacksoldier,negroperson
negro soldiers,negrosoldier,blackmale,blackperson,blacksoldier,negroperson
negro woman,negrowoman,blackfemale,blackperson,blackperson,negroperson
negro women,negrowoman,blackfemale,blackperson,blackperson,negroperson
post exchange,postexchange,postexchange,postexchange,postexchange,postexchange
servic club,serviceclub,serviceclub,serviceclub,serviceclub,serviceclub
service club,serviceclub,serviceclub,serviceclub,serviceclub,serviceclub
sweet heart,sweetheart,sweetheart,sweetheart,sweetheart,sweetheart
white boi,whiteboi,whitemale,whiteperson,whiteperson,whiteperson
white boys,whiteboi,whitemale,whiteperson,whiteperson,whiteperson
white girl,whitegirl,whitefemale,whiteperson,whiteperson,whiteperson
white girls,whitegirl,whitefemale,whiteperson,whiteperson,whiteperson
white man,whiteman,whitemale,whiteperson,whiteperson,whiteperson
white men,whiteman,whitemale,whiteperson,whiteperson,whiteperson
white soldier,whitesoldier,whitemale,whiteperson,whitesoldier,whitesoldier
whitesoldiers,whitesoldier,whitemale,whiteperson,whitesoldier,whitesoldier
white woman,whitewoman,whitefemale,whiteperson,whiteperson,whiteperson
white women,whitewoman,whitefemale,whiteperson,whiteperson,whiteperson
negro boy,negroboy,blackmale,blackperson,blackperson,negroperson